<?xml version = '1.0' encoding = 'UTF-8'?>
<TableProxyOraclev9i class="oracle.dbtools.crest.model.design.storage.oracle.v9i.TableProxyOraclev9i" name="PRODUTOR" directorySegmentName="seg_0" id="6A5CF0F7-51A9-B11E-24E8-0B91E1AAFBD9">
<createdBy>mahmodissa</createdBy>
<createdTime>2025-04-23 01:19:57 UTC</createdTime>
<ownerDesignName>agronegocio_model</ownerDesignName>
<logging>YES</logging>
<partitionedRowMovement>DISABLE</partitionedRowMovement>
<temporaryChanged>false</temporaryChanged>
<accessDriverType>oracle_loader</accessDriverType>
<rejectLimit></rejectLimit>
<columnProxies itemClass="oracle.dbtools.crest.model.design.storage.oracle.v12c.ColumnProxyOraclev12c">
<ColumnProxy name="TELEFONE" id="33840879-A0A9-2433-235E-3E12B13F9D94">
<createdBy>mahmodissa</createdBy>
<createdTime>2025-04-23 01:19:57 UTC</createdTime>
<ownerDesignName>agronegocio_model</ownerDesignName>
</ColumnProxy>
<ColumnProxy name="NOME" id="3FF07706-0B57-D973-2364-56B2981DD4F7">
<createdBy>mahmodissa</createdBy>
<createdTime>2025-04-23 01:19:57 UTC</createdTime>
<ownerDesignName>agronegocio_model</ownerDesignName>
</ColumnProxy>
<ColumnProxy name="ID_PRODUTOR" id="4C733466-61B8-5685-EF2D-383C5C424C42">
<createdBy>mahmodissa</createdBy>
<createdTime>2025-04-23 01:19:57 UTC</createdTime>
<ownerDesignName>agronegocio_model</ownerDesignName>
</ColumnProxy>
<ColumnProxy name="EMAIL" id="8F76BC44-C7C3-1CBF-694E-F4D6B701313A">
<createdBy>mahmodissa</createdBy>
<createdTime>2025-04-23 01:19:57 UTC</createdTime>
<ownerDesignName>agronegocio_model</ownerDesignName>
</ColumnProxy>
</columnProxies>
<primaryKeys>
<PrimaryKey class="oracle.dbtools.crest.model.design.storage.oracle.v9i.PKProxyOraclev9i" name="PRODUTOR_PK" id="6E692645-C3A7-A6E3-7752-65A66E124B01">
<createdBy>mahmodissa</createdBy>
<createdTime>2025-04-23 01:19:57 UTC</createdTime>
<ownerDesignName>agronegocio_model</ownerDesignName>
<indexSort>SORTED</indexSort>
</PrimaryKey>
</primaryKeys>
</TableProxyOraclev9i>