<?xml version = '1.0' encoding = 'UTF-8'?>
<TableProxyOraclev9i class="oracle.dbtools.crest.model.design.storage.oracle.v9i.TableProxyOraclev9i" name="AJUSTE_APLICACAO" directorySegmentName="seg_0" id="6C9C4C75-A215-A691-C80B-DEE5A7E067DE">
<createdBy>mahmodissa</createdBy>
<createdTime>2025-04-23 01:19:57 UTC</createdTime>
<ownerDesignName>agronegocio_model</ownerDesignName>
<logging>YES</logging>
<partitionedRowMovement>DISABLE</partitionedRowMovement>
<temporaryChanged>false</temporaryChanged>
<accessDriverType>oracle_loader</accessDriverType>
<rejectLimit></rejectLimit>
<columnProxies itemClass="oracle.dbtools.crest.model.design.storage.oracle.v12c.ColumnProxyOraclev12c">
<ColumnProxy name="DATA_HORA" id="05F73AAB-A544-7427-2453-9744155B1B84">
<createdBy>mahmodissa</createdBy>
<createdTime>2025-04-23 01:19:57 UTC</createdTime>
<ownerDesignName>agronegocio_model</ownerDesignName>
</ColumnProxy>
<ColumnProxy name="TIPO_APLICACAO" id="14CDC576-5AB4-5CC5-E15C-0ECDDBB6B109">
<createdBy>mahmodissa</createdBy>
<createdTime>2025-04-23 01:19:57 UTC</createdTime>
<ownerDesignName>agronegocio_model</ownerDesignName>
</ColumnProxy>
<ColumnProxy name="ID_PLANTACAO" id="2F4C882F-E66A-36B7-3587-79BAE6C3628D">
<createdBy>mahmodissa</createdBy>
<createdTime>2025-04-23 01:19:57 UTC</createdTime>
<ownerDesignName>agronegocio_model</ownerDesignName>
</ColumnProxy>
<ColumnProxy name="ID_AJUSTE" id="D25F7598-FD6E-23E9-DDB6-32033215937F">
<createdBy>mahmodissa</createdBy>
<createdTime>2025-04-23 01:19:57 UTC</createdTime>
<ownerDesignName>agronegocio_model</ownerDesignName>
</ColumnProxy>
<ColumnProxy name="QUANTIDADE_APLICADA" id="DF3F7174-64F1-A3F6-F013-0FE0B29537D9">
<createdBy>mahmodissa</createdBy>
<createdTime>2025-04-23 01:19:57 UTC</createdTime>
<ownerDesignName>agronegocio_model</ownerDesignName>
</ColumnProxy>
</columnProxies>
<foreignKeys>
<ForeignKey class="oracle.dbtools.crest.model.design.storage.oracle.v9i.FKProxyOraclev9i" name="FK_AJUSTE_PLANTACAO" id="D8169DF8-8928-65AC-0F4C-12749373C367">
<createdBy>mahmodissa</createdBy>
<createdTime>2025-04-23 01:19:57 UTC</createdTime>
<ownerDesignName>agronegocio_model</ownerDesignName>
</ForeignKey>
</foreignKeys>
<primaryKeys>
<PrimaryKey class="oracle.dbtools.crest.model.design.storage.oracle.v9i.PKProxyOraclev9i" name="AJUSTE_APLICACAO_PK" id="79521209-5F6E-DBFF-A615-2100CB565A6F">
<createdBy>mahmodissa</createdBy>
<createdTime>2025-04-23 01:19:57 UTC</createdTime>
<ownerDesignName>agronegocio_model</ownerDesignName>
<indexSort>SORTED</indexSort>
</PrimaryKey>
</primaryKeys>
</TableProxyOraclev9i>