<?xml version = '1.0' encoding = 'UTF-8'?>
<TableProxyOraclev9i class="oracle.dbtools.crest.model.design.storage.oracle.v9i.TableProxyOraclev9i" name="CULTURA" directorySegmentName="seg_0" id="9DCE457B-2194-97EF-0605-56FBD36A11D2">
<createdBy>mahmodissa</createdBy>
<createdTime>2025-04-23 01:19:57 UTC</createdTime>
<ownerDesignName>agronegocio_model</ownerDesignName>
<logging>YES</logging>
<partitionedRowMovement>DISABLE</partitionedRowMovement>
<temporaryChanged>false</temporaryChanged>
<accessDriverType>oracle_loader</accessDriverType>
<rejectLimit></rejectLimit>
<columnProxies itemClass="oracle.dbtools.crest.model.design.storage.oracle.v12c.ColumnProxyOraclev12c">
<ColumnProxy name="DESCRICAO" id="3A319F2F-7577-E952-BF94-302B94E08F06">
<createdBy>mahmodissa</createdBy>
<createdTime>2025-04-23 01:19:57 UTC</createdTime>
<ownerDesignName>agronegocio_model</ownerDesignName>
</ColumnProxy>
<ColumnProxy name="ID_CULTURA" id="D3F10FD5-A814-9998-3A00-5727E98E10C1">
<createdBy>mahmodissa</createdBy>
<createdTime>2025-04-23 01:19:57 UTC</createdTime>
<ownerDesignName>agronegocio_model</ownerDesignName>
</ColumnProxy>
<ColumnProxy name="NOME_CULTURA" id="DAC8D810-9CDA-7489-CC5A-D1076EDA61F4">
<createdBy>mahmodissa</createdBy>
<createdTime>2025-04-23 01:19:57 UTC</createdTime>
<ownerDesignName>agronegocio_model</ownerDesignName>
</ColumnProxy>
</columnProxies>
<primaryKeys>
<PrimaryKey class="oracle.dbtools.crest.model.design.storage.oracle.v9i.PKProxyOraclev9i" name="CULTURA_PK" id="E58525A3-2823-4093-3EE3-F53224D6928E">
<createdBy>mahmodissa</createdBy>
<createdTime>2025-04-23 01:19:57 UTC</createdTime>
<ownerDesignName>agronegocio_model</ownerDesignName>
<indexSort>SORTED</indexSort>
</PrimaryKey>
</primaryKeys>
</TableProxyOraclev9i>