<?xml version = '1.0' encoding = 'UTF-8'?>
<TableProxyOraclev9i class="oracle.dbtools.crest.model.design.storage.oracle.v9i.TableProxyOraclev9i" name="PLANTACAO_CULTURA" directorySegmentName="seg_0" id="A20661A2-7AE1-C1AC-4B4D-6D886F2EA3EE">
<createdBy>mahmodissa</createdBy>
<createdTime>2025-04-23 01:19:57 UTC</createdTime>
<ownerDesignName>agronegocio_model</ownerDesignName>
<logging>YES</logging>
<partitionedRowMovement>DISABLE</partitionedRowMovement>
<temporaryChanged>false</temporaryChanged>
<accessDriverType>oracle_loader</accessDriverType>
<rejectLimit></rejectLimit>
<columnProxies itemClass="oracle.dbtools.crest.model.design.storage.oracle.v12c.ColumnProxyOraclev12c">
<ColumnProxy name="ID_CULTURA" id="8971424C-F1BB-59B7-8662-872BA94585CF">
<createdBy>mahmodissa</createdBy>
<createdTime>2025-04-23 01:19:57 UTC</createdTime>
<ownerDesignName>agronegocio_model</ownerDesignName>
</ColumnProxy>
<ColumnProxy name="ID_PLANTACAO" id="B2898D56-779C-CA8D-4F23-B340CB5A3769">
<createdBy>mahmodissa</createdBy>
<createdTime>2025-04-23 01:19:57 UTC</createdTime>
<ownerDesignName>agronegocio_model</ownerDesignName>
</ColumnProxy>
</columnProxies>
<foreignKeys>
<ForeignKey class="oracle.dbtools.crest.model.design.storage.oracle.v9i.FKProxyOraclev9i" name="FK_PC_PLANTACAO" id="73C07E12-53AF-85F1-7170-1A0959D11DBA">
<createdBy>mahmodissa</createdBy>
<createdTime>2025-04-23 01:19:57 UTC</createdTime>
<ownerDesignName>agronegocio_model</ownerDesignName>
</ForeignKey>
<ForeignKey class="oracle.dbtools.crest.model.design.storage.oracle.v9i.FKProxyOraclev9i" name="FK_PC_CULTURA" id="960EE6B2-30D5-0E50-6B35-94352ACDA5E7">
<createdBy>mahmodissa</createdBy>
<createdTime>2025-04-23 01:19:57 UTC</createdTime>
<ownerDesignName>agronegocio_model</ownerDesignName>
</ForeignKey>
</foreignKeys>
<primaryKeys>
<PrimaryKey class="oracle.dbtools.crest.model.design.storage.oracle.v9i.PKProxyOraclev9i" name="PLANTACAO_CULTURA_PK" id="E8148E30-C88A-2E1F-62EE-736040832B00">
<createdBy>mahmodissa</createdBy>
<createdTime>2025-04-23 01:19:57 UTC</createdTime>
<ownerDesignName>agronegocio_model</ownerDesignName>
<indexSort>SORTED</indexSort>
</PrimaryKey>
</primaryKeys>
</TableProxyOraclev9i>