<?xml version = '1.0' encoding = 'UTF-8'?>
<Table class="oracle.dbtools.crest.model.design.relational.Table" directorySegmentName="seg_0" id="6A5CF0F7-51A9-B11E-24E8-0B91E1AAFBD9" name="PRODUTOR">
<sourceDDLFile>agronegocio_model.sql</sourceDDLFile>
<createdBy>mahmodissa</createdBy>
<createdTime>2025-04-23 01:19:57 UTC</createdTime>
<ownerDesignName>agronegocio_model</ownerDesignName>
<importedID>5294A3D5-51BD-70B3-F394-B297D50656DA</importedID>
<allowColumnReorder>false</allowColumnReorder>
<existDependencyGenerateInDDl>true</existDependencyGenerateInDDl>
<parsed>true</parsed>
<columns itemClass="oracle.dbtools.crest.model.design.relational.Column">
<Column name="ID_PRODUTOR" id="4C733466-61B8-5685-EF2D-383C5C424C42">
<sourceDDLFile>agronegocio_model.sql</sourceDDLFile>
<createdBy>mahmodissa</createdBy>
<createdTime>2025-04-23 01:19:57 UTC</createdTime>
<ownerDesignName>agronegocio_model</ownerDesignName>
<importedID>BEFE807F-B605-A66E-2759-9D7ED31BD1D3</importedID>
<use>0</use>
<logicalDatatype>LOGDT019</logicalDatatype>
<domain>916ECE62-378F-4B9C-BCE3-BDFC924E58F8</domain>
<ownDataTypeParameters>,,</ownDataTypeParameters>
<autoIncrementCycle>false</autoIncrementCycle>
</Column>
<Column name="NOME" id="3FF07706-0B57-D973-2364-56B2981DD4F7">
<sourceDDLFile>agronegocio_model.sql</sourceDDLFile>
<createdBy>mahmodissa</createdBy>
<createdTime>2025-04-23 01:19:57 UTC</createdTime>
<ownerDesignName>agronegocio_model</ownerDesignName>
<importedID>07C052C8-9FA9-725F-521B-CC90E2E33365</importedID>
<nullsAllowed>true</nullsAllowed>
<use>0</use>
<logicalDatatype>LOGDT024</logicalDatatype>
<domain>203E0CA9-60DA-655F-467C-19FA9EA6EE5A</domain>
<ownDataTypeParameters>,,</ownDataTypeParameters>
<autoIncrementCycle>false</autoIncrementCycle>
</Column>
<Column name="EMAIL" id="8F76BC44-C7C3-1CBF-694E-F4D6B701313A">
<sourceDDLFile>agronegocio_model.sql</sourceDDLFile>
<createdBy>mahmodissa</createdBy>
<createdTime>2025-04-23 01:19:57 UTC</createdTime>
<ownerDesignName>agronegocio_model</ownerDesignName>
<importedID>64C587B6-F4EA-5F3D-01E3-0199215FA8D1</importedID>
<nullsAllowed>true</nullsAllowed>
<use>0</use>
<logicalDatatype>LOGDT024</logicalDatatype>
<domain>203E0CA9-60DA-655F-467C-19FA9EA6EE5A</domain>
<ownDataTypeParameters>,,</ownDataTypeParameters>
<autoIncrementCycle>false</autoIncrementCycle>
</Column>
<Column name="TELEFONE" id="33840879-A0A9-2433-235E-3E12B13F9D94">
<sourceDDLFile>agronegocio_model.sql</sourceDDLFile>
<createdBy>mahmodissa</createdBy>
<createdTime>2025-04-23 01:19:57 UTC</createdTime>
<ownerDesignName>agronegocio_model</ownerDesignName>
<importedID>B19EFDFC-FF24-F708-D648-C9E226BDE9A9</importedID>
<nullsAllowed>true</nullsAllowed>
<use>0</use>
<logicalDatatype>LOGDT024</logicalDatatype>
<domain>F7BEBB62-5DFA-C02E-AF88-CE1B740487DE</domain>
<ownDataTypeParameters>,,</ownDataTypeParameters>
<autoIncrementCycle>false</autoIncrementCycle>
</Column>
</columns>
<indexes itemClass="oracle.dbtools.crest.model.design.relational.Index">
<ind_PK_UK id="6E692645-C3A7-A6E3-7752-65A66E124B01" name="PRODUTOR_PK">
<sourceDDLFile>agronegocio_model.sql</sourceDDLFile>
<createdBy>mahmodissa</createdBy>
<createdTime>2025-04-23 01:19:57 UTC</createdTime>
<ownerDesignName>agronegocio_model</ownerDesignName>
<importedID>B4D115EE-EB97-E39C-2A7D-A8C3D29D4B12</importedID>
<pk>true</pk>
<indexState>Primary Constraint</indexState>
<isSurrogateKey>false</isSurrogateKey>
<indexColumnUsage>
<colUsage columnID="4C733466-61B8-5685-EF2D-383C5C424C42"/>
</indexColumnUsage>
</ind_PK_UK>
</indexes>
</Table>