<?xml version = '1.0' encoding = 'UTF-8'?>
<Table class="oracle.dbtools.crest.model.design.relational.Table" directorySegmentName="seg_0" id="6C9C4C75-A215-A691-C80B-DEE5A7E067DE" name="AJUSTE_APLICACAO">
<sourceDDLFile>agronegocio_model.sql</sourceDDLFile>
<createdBy>mahmodissa</createdBy>
<createdTime>2025-04-23 01:19:57 UTC</createdTime>
<ownerDesignName>agronegocio_model</ownerDesignName>
<importedID>A3628809-4CDF-88CC-811A-4F8F88EA0748</importedID>
<allowColumnReorder>false</allowColumnReorder>
<existDependencyGenerateInDDl>true</existDependencyGenerateInDDl>
<parsed>true</parsed>
<columns itemClass="oracle.dbtools.crest.model.design.relational.Column">
<Column name="ID_AJUSTE" id="D25F7598-FD6E-23E9-DDB6-32033215937F">
<sourceDDLFile>agronegocio_model.sql</sourceDDLFile>
<createdBy>mahmodissa</createdBy>
<createdTime>2025-04-23 01:19:57 UTC</createdTime>
<ownerDesignName>agronegocio_model</ownerDesignName>
<importedID>91D1FF54-66E7-BF31-8D0C-9C749E4CB367</importedID>
<use>0</use>
<logicalDatatype>LOGDT019</logicalDatatype>
<domain>916ECE62-378F-4B9C-BCE3-BDFC924E58F8</domain>
<ownDataTypeParameters>,,</ownDataTypeParameters>
<autoIncrementCycle>false</autoIncrementCycle>
</Column>
<Column name="ID_PLANTACAO" id="2F4C882F-E66A-36B7-3587-79BAE6C3628D">
<sourceDDLFile>agronegocio_model.sql</sourceDDLFile>
<createdBy>mahmodissa</createdBy>
<createdTime>2025-04-23 01:19:57 UTC</createdTime>
<ownerDesignName>agronegocio_model</ownerDesignName>
<importedID>24611BEE-3612-E736-8708-B9CAA9944533</importedID>
<use>0</use>
<logicalDatatype>LOGDT019</logicalDatatype>
<domain>916ECE62-378F-4B9C-BCE3-BDFC924E58F8</domain>
<ownDataTypeParameters>,,</ownDataTypeParameters>
<autoIncrementCycle>false</autoIncrementCycle>
<associations>
<colAssociation fkAssociation="D09485D3-FEB3-45EA-4541-DFBC71F0C246" referredColumn="369D97F9-31E8-4C2E-03FE-BAFDCF919B3B"/>
</associations>
</Column>
<Column name="DATA_HORA" id="05F73AAB-A544-7427-2453-9744155B1B84">
<sourceDDLFile>agronegocio_model.sql</sourceDDLFile>
<createdBy>mahmodissa</createdBy>
<createdTime>2025-04-23 01:19:57 UTC</createdTime>
<ownerDesignName>agronegocio_model</ownerDesignName>
<importedID>002359A2-8C71-2923-9407-815B5C464B60</importedID>
<use>0</use>
<logicalDatatype>LOGDT007</logicalDatatype>
<domain>6F6C2BEB-759F-0C4D-0802-915EF1FD72C3</domain>
<ownDataTypeParameters>,,</ownDataTypeParameters>
<autoIncrementCycle>false</autoIncrementCycle>
</Column>
<Column name="TIPO_APLICACAO" id="14CDC576-5AB4-5CC5-E15C-0ECDDBB6B109">
<sourceDDLFile>agronegocio_model.sql</sourceDDLFile>
<createdBy>mahmodissa</createdBy>
<createdTime>2025-04-23 01:19:57 UTC</createdTime>
<ownerDesignName>agronegocio_model</ownerDesignName>
<importedID>847D1357-9569-CE34-98C0-C790D36BE147</importedID>
<nullsAllowed>true</nullsAllowed>
<use>0</use>
<logicalDatatype>LOGDT024</logicalDatatype>
<domain>6AEE1E80-47D5-8D78-9E5B-21268A1889AA</domain>
<ownDataTypeParameters>,,</ownDataTypeParameters>
<autoIncrementCycle>false</autoIncrementCycle>
</Column>
<Column name="QUANTIDADE_APLICADA" id="DF3F7174-64F1-A3F6-F013-0FE0B29537D9">
<sourceDDLFile>agronegocio_model.sql</sourceDDLFile>
<createdBy>mahmodissa</createdBy>
<createdTime>2025-04-23 01:19:57 UTC</createdTime>
<ownerDesignName>agronegocio_model</ownerDesignName>
<importedID>526C672F-4FFE-7B4E-124D-B700BCC887F0</importedID>
<nullsAllowed>true</nullsAllowed>
<use>0</use>
<logicalDatatype>LOGDT019</logicalDatatype>
<domain>916ECE62-378F-4B9C-BCE3-BDFC924E58F8</domain>
<ownDataTypeParameters>,,</ownDataTypeParameters>
<autoIncrementCycle>false</autoIncrementCycle>
</Column>
</columns>
<indexes itemClass="oracle.dbtools.crest.model.design.relational.Index">
<ind_PK_UK id="79521209-5F6E-DBFF-A615-2100CB565A6F" name="AJUSTE_APLICACAO_PK">
<sourceDDLFile>agronegocio_model.sql</sourceDDLFile>
<createdBy>mahmodissa</createdBy>
<createdTime>2025-04-23 01:19:57 UTC</createdTime>
<ownerDesignName>agronegocio_model</ownerDesignName>
<importedID>BB411664-7AA3-6913-818C-748DFBF01FBC</importedID>
<pk>true</pk>
<indexState>Primary Constraint</indexState>
<isSurrogateKey>false</isSurrogateKey>
<indexColumnUsage>
<colUsage columnID="D25F7598-FD6E-23E9-DDB6-32033215937F"/>
</indexColumnUsage>
</ind_PK_UK>
<ind_PK_UK id="D8169DF8-8928-65AC-0F4C-12749373C367" name="FK_AJUSTE_PLANTACAO">
<createdBy>mahmodissa</createdBy>
<createdTime>2025-04-23 01:19:57 UTC</createdTime>
<ownerDesignName>agronegocio_model</ownerDesignName>
<indexState>Foreign Key</indexState>
<isSurrogateKey>false</isSurrogateKey>
<indexColumnUsage>
<colUsage columnID="2F4C882F-E66A-36B7-3587-79BAE6C3628D"/>
</indexColumnUsage>
</ind_PK_UK>
</indexes>
</Table>