<?xml version = '1.0' encoding = 'UTF-8'?>
<Table class="oracle.dbtools.crest.model.design.relational.Table" directorySegmentName="seg_0" id="A20661A2-7AE1-C1AC-4B4D-6D886F2EA3EE" name="PLANTACAO_CULTURA">
<sourceDDLFile>agronegocio_model.sql</sourceDDLFile>
<createdBy>mahmodissa</createdBy>
<createdTime>2025-04-23 01:19:57 UTC</createdTime>
<ownerDesignName>agronegocio_model</ownerDesignName>
<importedID>24556BE3-274F-40D4-62E4-1D667BB56EC2</importedID>
<allowColumnReorder>false</allowColumnReorder>
<existDependencyGenerateInDDl>true</existDependencyGenerateInDDl>
<parsed>true</parsed>
<columns itemClass="oracle.dbtools.crest.model.design.relational.Column">
<Column name="ID_PLANTACAO" id="B2898D56-779C-CA8D-4F23-B340CB5A3769">
<sourceDDLFile>agronegocio_model.sql</sourceDDLFile>
<createdBy>mahmodissa</createdBy>
<createdTime>2025-04-23 01:19:57 UTC</createdTime>
<ownerDesignName>agronegocio_model</ownerDesignName>
<importedID>FF6530F2-397E-F2ED-BC1D-FBCDC654F2F8</importedID>
<use>0</use>
<logicalDatatype>LOGDT019</logicalDatatype>
<domain>916ECE62-378F-4B9C-BCE3-BDFC924E58F8</domain>
<ownDataTypeParameters>,,</ownDataTypeParameters>
<autoIncrementCycle>false</autoIncrementCycle>
<associations>
<colAssociation fkAssociation="AACDBAFB-0B76-4920-E513-57F84776C57C" referredColumn="369D97F9-31E8-4C2E-03FE-BAFDCF919B3B"/>
</associations>
</Column>
<Column name="ID_CULTURA" id="8971424C-F1BB-59B7-8662-872BA94585CF">
<sourceDDLFile>agronegocio_model.sql</sourceDDLFile>
<createdBy>mahmodissa</createdBy>
<createdTime>2025-04-23 01:19:57 UTC</createdTime>
<ownerDesignName>agronegocio_model</ownerDesignName>
<importedID>370C7741-67EC-6308-1906-983E91E1B3BA</importedID>
<use>0</use>
<logicalDatatype>LOGDT019</logicalDatatype>
<domain>916ECE62-378F-4B9C-BCE3-BDFC924E58F8</domain>
<ownDataTypeParameters>,,</ownDataTypeParameters>
<autoIncrementCycle>false</autoIncrementCycle>
<associations>
<colAssociation fkAssociation="6ED1BF9F-2A2F-EA66-219F-CDED9DCB372C" referredColumn="D3F10FD5-A814-9998-3A00-5727E98E10C1"/>
</associations>
</Column>
</columns>
<indexes itemClass="oracle.dbtools.crest.model.design.relational.Index">
<ind_PK_UK id="E8148E30-C88A-2E1F-62EE-736040832B00" name="PLANTACAO_CULTURA_PK">
<sourceDDLFile>agronegocio_model.sql</sourceDDLFile>
<createdBy>mahmodissa</createdBy>
<createdTime>2025-04-23 01:19:57 UTC</createdTime>
<ownerDesignName>agronegocio_model</ownerDesignName>
<importedID>216E446A-786C-924B-D08A-3C42ACB49CE3</importedID>
<pk>true</pk>
<indexState>Primary Constraint</indexState>
<isSurrogateKey>false</isSurrogateKey>
<indexColumnUsage>
<colUsage columnID="B2898D56-779C-CA8D-4F23-B340CB5A3769"/>
<colUsage columnID="8971424C-F1BB-59B7-8662-872BA94585CF"/>
</indexColumnUsage>
</ind_PK_UK>
<ind_PK_UK id="960EE6B2-30D5-0E50-6B35-94352ACDA5E7" name="FK_PC_CULTURA">
<createdBy>mahmodissa</createdBy>
<createdTime>2025-04-23 01:19:57 UTC</createdTime>
<ownerDesignName>agronegocio_model</ownerDesignName>
<indexState>Foreign Key</indexState>
<isSurrogateKey>false</isSurrogateKey>
<indexColumnUsage>
<colUsage columnID="8971424C-F1BB-59B7-8662-872BA94585CF"/>
</indexColumnUsage>
</ind_PK_UK>
<ind_PK_UK id="73C07E12-53AF-85F1-7170-1A0959D11DBA" name="FK_PC_PLANTACAO">
<createdBy>mahmodissa</createdBy>
<createdTime>2025-04-23 01:19:57 UTC</createdTime>
<ownerDesignName>agronegocio_model</ownerDesignName>
<indexState>Foreign Key</indexState>
<isSurrogateKey>false</isSurrogateKey>
<indexColumnUsage>
<colUsage columnID="B2898D56-779C-CA8D-4F23-B340CB5A3769"/>
</indexColumnUsage>
</ind_PK_UK>
</indexes>
</Table>