<?xml version = '1.0' encoding = 'UTF-8'?>
<Table class="oracle.dbtools.crest.model.design.relational.Table" directorySegmentName="seg_0" id="ACEE1AE5-7FCC-B469-CEBA-B58F65BB21BA" name="LEITURA_SENSOR">
<sourceDDLFile>agronegocio_model.sql</sourceDDLFile>
<createdBy>mahmodissa</createdBy>
<createdTime>2025-04-23 01:19:57 UTC</createdTime>
<ownerDesignName>agronegocio_model</ownerDesignName>
<importedID>B2B8C608-72DA-91D7-A69F-E010A76CAA18</importedID>
<allowColumnReorder>false</allowColumnReorder>
<existDependencyGenerateInDDl>true</existDependencyGenerateInDDl>
<parsed>true</parsed>
<columns itemClass="oracle.dbtools.crest.model.design.relational.Column">
<Column name="ID_LEITURA" id="A4A57785-B7DC-5805-20E8-A85DB62FCB2B">
<sourceDDLFile>agronegocio_model.sql</sourceDDLFile>
<createdBy>mahmodissa</createdBy>
<createdTime>2025-04-23 01:19:57 UTC</createdTime>
<ownerDesignName>agronegocio_model</ownerDesignName>
<importedID>FBE47CA8-957B-D861-0D83-86AA2D196BAE</importedID>
<use>0</use>
<logicalDatatype>LOGDT019</logicalDatatype>
<domain>916ECE62-378F-4B9C-BCE3-BDFC924E58F8</domain>
<ownDataTypeParameters>,,</ownDataTypeParameters>
<autoIncrementCycle>false</autoIncrementCycle>
</Column>
<Column name="ID_SENSOR" id="074A8A4A-9F3A-FD3A-1856-0BCCC193ABF4">
<sourceDDLFile>agronegocio_model.sql</sourceDDLFile>
<createdBy>mahmodissa</createdBy>
<createdTime>2025-04-23 01:19:57 UTC</createdTime>
<ownerDesignName>agronegocio_model</ownerDesignName>
<importedID>9EE6ECF6-7D71-B9D3-9A9E-383B91DA88AB</importedID>
<use>0</use>
<logicalDatatype>LOGDT019</logicalDatatype>
<domain>916ECE62-378F-4B9C-BCE3-BDFC924E58F8</domain>
<ownDataTypeParameters>,,</ownDataTypeParameters>
<autoIncrementCycle>false</autoIncrementCycle>
<associations>
<colAssociation fkAssociation="B121C85A-E957-440C-C0EC-281519A6DFDD" referredColumn="A40174CA-E912-4001-1336-C09119330861"/>
</associations>
</Column>
<Column name="ID_PLANTACAO" id="AEE4CC0E-A91D-8E61-4585-830CE162EAB6">
<sourceDDLFile>agronegocio_model.sql</sourceDDLFile>
<createdBy>mahmodissa</createdBy>
<createdTime>2025-04-23 01:19:57 UTC</createdTime>
<ownerDesignName>agronegocio_model</ownerDesignName>
<importedID>07492C9B-F0CD-6CC2-3646-0A03FCA35E77</importedID>
<use>0</use>
<logicalDatatype>LOGDT019</logicalDatatype>
<domain>916ECE62-378F-4B9C-BCE3-BDFC924E58F8</domain>
<ownDataTypeParameters>,,</ownDataTypeParameters>
<autoIncrementCycle>false</autoIncrementCycle>
<associations>
<colAssociation fkAssociation="B4D6FDBB-26F9-FC52-A626-AFC527D06B3B" referredColumn="369D97F9-31E8-4C2E-03FE-BAFDCF919B3B"/>
</associations>
</Column>
<Column name="DATA_HORA" id="1E8A570A-8C77-111E-613F-7C746A52EA3B">
<sourceDDLFile>agronegocio_model.sql</sourceDDLFile>
<createdBy>mahmodissa</createdBy>
<createdTime>2025-04-23 01:19:57 UTC</createdTime>
<ownerDesignName>agronegocio_model</ownerDesignName>
<importedID>D7AAE273-16FA-EC09-610C-CA5926C89B14</importedID>
<use>0</use>
<logicalDatatype>LOGDT007</logicalDatatype>
<domain>6F6C2BEB-759F-0C4D-0802-915EF1FD72C3</domain>
<ownDataTypeParameters>,,</ownDataTypeParameters>
<autoIncrementCycle>false</autoIncrementCycle>
</Column>
<Column name="VALOR_MEDIDO" id="4EB2E549-95F8-CB83-10F1-779E413D581D">
<sourceDDLFile>agronegocio_model.sql</sourceDDLFile>
<createdBy>mahmodissa</createdBy>
<createdTime>2025-04-23 01:19:57 UTC</createdTime>
<ownerDesignName>agronegocio_model</ownerDesignName>
<importedID>D11E6251-1FB8-C879-483F-E222409C887C</importedID>
<nullsAllowed>true</nullsAllowed>
<use>0</use>
<logicalDatatype>LOGDT019</logicalDatatype>
<domain>916ECE62-378F-4B9C-BCE3-BDFC924E58F8</domain>
<ownDataTypeParameters>,,</ownDataTypeParameters>
<autoIncrementCycle>false</autoIncrementCycle>
</Column>
</columns>
<indexes itemClass="oracle.dbtools.crest.model.design.relational.Index">
<ind_PK_UK id="446BC95C-8FA7-D6EF-390E-AE10BA0A7E1E" name="LEITURA_SENSOR_PK">
<sourceDDLFile>agronegocio_model.sql</sourceDDLFile>
<createdBy>mahmodissa</createdBy>
<createdTime>2025-04-23 01:19:57 UTC</createdTime>
<ownerDesignName>agronegocio_model</ownerDesignName>
<importedID>4500FBD8-6562-AAFC-1A8C-6CA201A4B00A</importedID>
<pk>true</pk>
<indexState>Primary Constraint</indexState>
<isSurrogateKey>false</isSurrogateKey>
<indexColumnUsage>
<colUsage columnID="A4A57785-B7DC-5805-20E8-A85DB62FCB2B"/>
</indexColumnUsage>
</ind_PK_UK>
<ind_PK_UK id="58B61AED-B1FA-FC30-E824-C078ACCEE1D5" name="FK_LEITURA_PLANTACAO">
<createdBy>mahmodissa</createdBy>
<createdTime>2025-04-23 01:19:57 UTC</createdTime>
<ownerDesignName>agronegocio_model</ownerDesignName>
<indexState>Foreign Key</indexState>
<isSurrogateKey>false</isSurrogateKey>
<indexColumnUsage>
<colUsage columnID="AEE4CC0E-A91D-8E61-4585-830CE162EAB6"/>
</indexColumnUsage>
</ind_PK_UK>
<ind_PK_UK id="D413FAB4-ABE9-5B25-A51F-84F50FAC5B63" name="FK_LEITURA_SENSOR">
<createdBy>mahmodissa</createdBy>
<createdTime>2025-04-23 01:19:57 UTC</createdTime>
<ownerDesignName>agronegocio_model</ownerDesignName>
<indexState>Foreign Key</indexState>
<isSurrogateKey>false</isSurrogateKey>
<indexColumnUsage>
<colUsage columnID="074A8A4A-9F3A-FD3A-1856-0BCCC193ABF4"/>
</indexColumnUsage>
</ind_PK_UK>
</indexes>
</Table>