<?xml version = '1.0' encoding = 'UTF-8'?>
<Diagram class="oracle.dbtools.crest.swingui.relational.DPVRelational" name="Relational_1" id="77C8B947-8B72-B0EA-2D80-1179D900D0FB">
<createdBy>mahmodissa</createdBy>
<modifiedBy>mahmodissa</modifiedBy>
<createdTime>2025-04-23 01:19:57 UTC</createdTime>
<autoRoute>false</autoRoute>
<boxInbox>true</boxInbox>
<showLegend>false</showLegend>
<showLabels>false</showLabels>
<showRelAttributes>false</showRelAttributes>
<gridEnabled>false</gridEnabled>
<showGrid>false</showGrid>
<diagramColor>-1</diagramColor>
<display>false</display>
<notation>1</notation>
<objectViews>
<OView class="oracle.dbtools.crest.swingui.relational.TVTable" oid="6A5CF0F7-51A9-B11E-24E8-0B91E1AAFBD9" otype="Table" vid="6BAB9E63-0403-D291-CDBB-59119C1CE9EA">
<hideElementsInCurrentOnly>false</hideElementsInCurrentOnly>
<bounds x="745" y="396" width="208" height="96"/>
</OView>
<OView class="oracle.dbtools.crest.swingui.relational.TVTable" oid="6C9C4C75-A215-A691-C80B-DEE5A7E067DE" otype="Table" vid="6282ADC6-8277-8CBF-917F-AA3A0A1C31A9">
<hideElementsInCurrentOnly>false</hideElementsInCurrentOnly>
<bounds x="413" y="396" width="251" height="128"/>
</OView>
<OView class="oracle.dbtools.crest.swingui.relational.TVTable" oid="9DCE457B-2194-97EF-0605-56FBD36A11D2" otype="Table" vid="1062C39E-D3E4-7708-C929-EED051A549F1">
<hideElementsInCurrentOnly>false</hideElementsInCurrentOnly>
<bounds x="20" y="558" width="218" height="83"/>
</OView>
<OView class="oracle.dbtools.crest.swingui.relational.TVTable" oid="A20661A2-7AE1-C1AC-4B4D-6D886F2EA3EE" otype="Table" vid="C76BDD48-1BE9-EFAA-3BBA-BF704EBDB798">
<hideElementsInCurrentOnly>false</hideElementsInCurrentOnly>
<bounds x="20" y="396" width="313" height="102"/>
</OView>
<OView class="oracle.dbtools.crest.swingui.relational.TVTable" oid="ACEE1AE5-7FCC-B469-CEBA-B58F65BB21BA" otype="Table" vid="9330904A-CA4F-4FCD-30EA-EFBF7C8A4A89">
<hideElementsInCurrentOnly>false</hideElementsInCurrentOnly>
<bounds x="744" y="20" width="240" height="141"/>
</OView>
<OView class="oracle.dbtools.crest.swingui.relational.TVTable" oid="D65ABD23-0D58-68B9-CC2F-18B62AACEFDB" otype="Table" vid="4E1127B7-CE2E-94B1-57B5-AE403DA597B3">
<hideElementsInCurrentOnly>false</hideElementsInCurrentOnly>
<bounds x="1064" y="20" width="225" height="96"/>
</OView>
<OView class="oracle.dbtools.crest.swingui.relational.TVTable" oid="EE41B424-CB8C-7729-3CD4-C9290DF72526" otype="Table" vid="C262D86C-539F-70D3-BC01-4AAC6BEC174F">
<hideElementsInCurrentOnly>false</hideElementsInCurrentOnly>
<bounds x="744" y="221" width="249" height="115"/>
</OView>
</objectViews>
<connectors>
<Connector class="oracle.dbtools.crest.swingui.relational.TVFKRelation" oid="4EEF69E2-F4F9-21DE-4DB4-30500E08338B" otype="FKIndexAssociation" vid_source="6BAB9E63-0403-D291-CDBB-59119C1CE9EA" vid_target="C262D86C-539F-70D3-BC01-4AAC6BEC174F">
<hideElementsInCurrentOnly>false</hideElementsInCurrentOnly>
<backgroundColor>-16777216</backgroundColor>
<lineWidth>1</lineWidth>
<points>
<point x="849" y="396"/>
<point x="849" y="336"/>
</points>
</Connector>
<Connector class="oracle.dbtools.crest.swingui.relational.TVFKRelation" oid="6ED1BF9F-2A2F-EA66-219F-CDED9DCB372C" otype="FKIndexAssociation" vid_source="1062C39E-D3E4-7708-C929-EED051A549F1" vid_target="C76BDD48-1BE9-EFAA-3BBA-BF704EBDB798">
<hideElementsInCurrentOnly>false</hideElementsInCurrentOnly>
<backgroundColor>-16777216</backgroundColor>
<lineWidth>1</lineWidth>
<points>
<point x="129" y="558"/>
<point x="129" y="498"/>
</points>
</Connector>
<Connector class="oracle.dbtools.crest.swingui.relational.TVFKRelation" oid="AACDBAFB-0B76-4920-E513-57F84776C57C" otype="FKIndexAssociation" vid_source="C262D86C-539F-70D3-BC01-4AAC6BEC174F" vid_target="C76BDD48-1BE9-EFAA-3BBA-BF704EBDB798">
<hideElementsInCurrentOnly>false</hideElementsInCurrentOnly>
<backgroundColor>-16777216</backgroundColor>
<lineWidth>1</lineWidth>
<points>
<point x="744" y="308"/>
<point x="333" y="408"/>
</points>
</Connector>
<Connector class="oracle.dbtools.crest.swingui.relational.TVFKRelation" oid="B121C85A-E957-440C-C0EC-281519A6DFDD" otype="FKIndexAssociation" vid_source="4E1127B7-CE2E-94B1-57B5-AE403DA597B3" vid_target="9330904A-CA4F-4FCD-30EA-EFBF7C8A4A89">
<hideElementsInCurrentOnly>false</hideElementsInCurrentOnly>
<backgroundColor>-16777216</backgroundColor>
<lineWidth>1</lineWidth>
<points>
<point x="1064" y="68"/>
<point x="984" y="68"/>
</points>
</Connector>
<Connector class="oracle.dbtools.crest.swingui.relational.TVFKRelation" oid="B4D6FDBB-26F9-FC52-A626-AFC527D06B3B" otype="FKIndexAssociation" vid_source="C262D86C-539F-70D3-BC01-4AAC6BEC174F" vid_target="9330904A-CA4F-4FCD-30EA-EFBF7C8A4A89">
<hideElementsInCurrentOnly>false</hideElementsInCurrentOnly>
<backgroundColor>-16777216</backgroundColor>
<lineWidth>1</lineWidth>
<points>
<point x="864" y="221"/>
<point x="864" y="161"/>
</points>
</Connector>
<Connector class="oracle.dbtools.crest.swingui.relational.TVFKRelation" oid="D09485D3-FEB3-45EA-4541-DFBC71F0C246" otype="FKIndexAssociation" vid_source="C262D86C-539F-70D3-BC01-4AAC6BEC174F" vid_target="6282ADC6-8277-8CBF-917F-AA3A0A1C31A9">
<hideElementsInCurrentOnly>false</hideElementsInCurrentOnly>
<backgroundColor>-16777216</backgroundColor>
<lineWidth>1</lineWidth>
<points>
<point x="763" y="336"/>
<point x="654" y="396"/>
</points>
</Connector>
</connectors>
</Diagram>