<?xml version = '1.0' encoding = 'UTF-8'?>
<relationalModel class="oracle.dbtools.crest.model.design.relational.RelationalDesign" name="Relational_1" id="73B0906C-4968-6FB0-65C7-97A7E8E38220" mainViewID="77C8B947-8B72-B0EA-2D80-1179D900D0FB">
<createdBy>mahmodissa</createdBy>
<createdTime>2025-04-23 01:17:51 UTC</createdTime>
<ownerDesignName>agronegocio_model</ownerDesignName>
<shouldBeOpen>false</shouldBeOpen>
<selectedRDBMSSite>9807C1FA-0550-772D-1F14-16B19CA63681</selectedRDBMSSite>
<importDDLFileStamps>
<importDDLFileStamp class="oracle.dbtools.crest.imports.DDLFileStamp">
<fileName>agronegocio_model.sql</fileName>
<pathName>/Users/mahmodissa/Downloads</pathName>
<dbType>7</dbType>
</importDDLFileStamp>
</importDDLFileStamps>
</relationalModel>