<?xml version = '1.0' encoding = 'UTF-8'?>
<FKIndexAssociation class="oracle.dbtools.crest.model.design.relational.FKIndexAssociation" directorySegmentName="seg_0" id="4EEF69E2-F4F9-21DE-4DB4-30500E08338B" containerWithKeyObject="EE41B424-CB8C-7729-3CD4-C9290DF72526" localFKIndex="0BCA7F3C-9286-7503-C2C1-D4C8991C8DD1" name="FK_PLANTACAO_PRODUTOR">
<sourceDDLFile>agronegocio_model.sql</sourceDDLFile>
<createdBy>mahmodissa</createdBy>
<createdTime>2025-04-23 01:19:57 UTC</createdTime>
<ownerDesignName>agronegocio_model</ownerDesignName>
<importedID>2122ED1E-4EC8-AB93-8D61-A3809A40D51E</importedID>
<referredTableLongName>PRODUTOR</referredTableLongName>
<deleteRule>NO ACTION</deleteRule>
<referredTableID>6A5CF0F7-51A9-B11E-24E8-0B91E1AAFBD9</referredTableID>
<keyObject>6E692645-C3A7-A6E3-7752-65A66E124B01</keyObject>
<referredKeyID>6E692645-C3A7-A6E3-7752-65A66E124B01</referredKeyID>
<mandatory>true</mandatory>
<refColNames>ID_PRODUTOR</refColNames>
<transferable>true</transferable>
<rely>false</rely>
<columnDependencyConstraintGenerateInDDL>true</columnDependencyConstraintGenerateInDDL>
</FKIndexAssociation>