<?xml version = '1.0' encoding = 'UTF-8'?>
<FKIndexAssociation class="oracle.dbtools.crest.model.design.relational.FKIndexAssociation" directorySegmentName="seg_0" id="6ED1BF9F-2A2F-EA66-219F-CDED9DCB372C" containerWithKeyObject="A20661A2-7AE1-C1AC-4B4D-6D886F2EA3EE" localFKIndex="960EE6B2-30D5-0E50-6B35-94352ACDA5E7" name="FK_PC_CULTURA">
<sourceDDLFile>agronegocio_model.sql</sourceDDLFile>
<createdBy>mahmodissa</createdBy>
<createdTime>2025-04-23 01:19:57 UTC</createdTime>
<ownerDesignName>agronegocio_model</ownerDesignName>
<importedID>F2B35663-9D34-4DA1-CAC6-E6AF56A08040</importedID>
<referredTableLongName>CULTURA</referredTableLongName>
<deleteRule>NO ACTION</deleteRule>
<referredTableID>9DCE457B-2194-97EF-0605-56FBD36A11D2</referredTableID>
<keyObject>E58525A3-2823-4093-3EE3-F53224D6928E</keyObject>
<referredKeyID>E58525A3-2823-4093-3EE3-F53224D6928E</referredKeyID>
<mandatory>true</mandatory>
<refColNames>ID_CULTURA</refColNames>
<transferable>true</transferable>
<rely>false</rely>
<columnDependencyConstraintGenerateInDDL>true</columnDependencyConstraintGenerateInDDL>
</FKIndexAssociation>