<?xml version = '1.0' encoding = 'UTF-8'?>
<FKIndexAssociation class="oracle.dbtools.crest.model.design.relational.FKIndexAssociation" directorySegmentName="seg_0" id="AACDBAFB-0B76-4920-E513-57F84776C57C" containerWithKeyObject="A20661A2-7AE1-C1AC-4B4D-6D886F2EA3EE" localFKIndex="73C07E12-53AF-85F1-7170-1A0959D11DBA" name="FK_PC_PLANTACAO">
<sourceDDLFile>agronegocio_model.sql</sourceDDLFile>
<createdBy>mahmodissa</createdBy>
<createdTime>2025-04-23 01:19:57 UTC</createdTime>
<ownerDesignName>agronegocio_model</ownerDesignName>
<importedID>FA33BAE2-4A1C-69D6-0BF7-C2647DABA5E1</importedID>
<referredTableLongName>PLANTACAO</referredTableLongName>
<deleteRule>NO ACTION</deleteRule>
<referredTableID>EE41B424-CB8C-7729-3CD4-C9290DF72526</referredTableID>
<keyObject>7BE65E0D-4FDC-A017-ACB2-E935B2F8B19B</keyObject>
<referredKeyID>7BE65E0D-4FDC-A017-ACB2-E935B2F8B19B</referredKeyID>
<mandatory>true</mandatory>
<refColNames>ID_PLANTACAO</refColNames>
<transferable>true</transferable>
<rely>false</rely>
<columnDependencyConstraintGenerateInDDL>true</columnDependencyConstraintGenerateInDDL>
</FKIndexAssociation>