<?xml version = '1.0' encoding = 'UTF-8'?>
<FKIndexAssociation class="oracle.dbtools.crest.model.design.relational.FKIndexAssociation" directorySegmentName="seg_0" id="B121C85A-E957-440C-C0EC-281519A6DFDD" containerWithKeyObject="ACEE1AE5-7FCC-B469-CEBA-B58F65BB21BA" localFKIndex="D413FAB4-ABE9-5B25-A51F-84F50FAC5B63" name="FK_LEITURA_SENSOR">
<sourceDDLFile>agronegocio_model.sql</sourceDDLFile>
<createdBy>mahmodissa</createdBy>
<createdTime>2025-04-23 01:19:57 UTC</createdTime>
<ownerDesignName>agronegocio_model</ownerDesignName>
<importedID>0168FECD-7A85-0568-DBF9-E2FA63FD192B</importedID>
<referredTableLongName>SENSOR</referredTableLongName>
<deleteRule>NO ACTION</deleteRule>
<referredTableID>D65ABD23-0D58-68B9-CC2F-18B62AACEFDB</referredTableID>
<keyObject>52C1981E-AC78-D95E-0C3F-EB112A761242</keyObject>
<referredKeyID>52C1981E-AC78-D95E-0C3F-EB112A761242</referredKeyID>
<mandatory>true</mandatory>
<refColNames>ID_SENSOR</refColNames>
<transferable>true</transferable>
<rely>false</rely>
<columnDependencyConstraintGenerateInDDL>true</columnDependencyConstraintGenerateInDDL>
</FKIndexAssociation>