<?xml version = '1.0' encoding = 'UTF-8'?>
<FKIndexAssociation class="oracle.dbtools.crest.model.design.relational.FKIndexAssociation" directorySegmentName="seg_0" id="B4D6FDBB-26F9-FC52-A626-AFC527D06B3B" containerWithKeyObject="ACEE1AE5-7FCC-B469-CEBA-B58F65BB21BA" localFKIndex="58B61AED-B1FA-FC30-E824-C078ACCEE1D5" name="FK_LEITURA_PLANTACAO">
<sourceDDLFile>agronegocio_model.sql</sourceDDLFile>
<createdBy>mahmodissa</createdBy>
<createdTime>2025-04-23 01:19:57 UTC</createdTime>
<ownerDesignName>agronegocio_model</ownerDesignName>
<importedID>7C319268-C2EB-D3ED-DCDA-964663F21F6D</importedID>
<referredTableLongName>PLANTACAO</referredTableLongName>
<deleteRule>NO ACTION</deleteRule>
<referredTableID>EE41B424-CB8C-7729-3CD4-C9290DF72526</referredTableID>
<keyObject>7BE65E0D-4FDC-A017-ACB2-E935B2F8B19B</keyObject>
<referredKeyID>7BE65E0D-4FDC-A017-ACB2-E935B2F8B19B</referredKeyID>
<mandatory>true</mandatory>
<refColNames>ID_PLANTACAO</refColNames>
<transferable>true</transferable>
<rely>false</rely>
<columnDependencyConstraintGenerateInDDL>true</columnDependencyConstraintGenerateInDDL>
</FKIndexAssociation>