<?xml version = '1.0' encoding = 'UTF-8'?>
<FKIndexAssociation class="oracle.dbtools.crest.model.design.relational.FKIndexAssociation" directorySegmentName="seg_0" id="D09485D3-FEB3-45EA-4541-DFBC71F0C246" containerWithKeyObject="6C9C4C75-A215-A691-C80B-DEE5A7E067DE" localFKIndex="D8169DF8-8928-65AC-0F4C-12749373C367" name="FK_AJUSTE_PLANTACAO">
<sourceDDLFile>agronegocio_model.sql</sourceDDLFile>
<createdBy>mahmodissa</createdBy>
<createdTime>2025-04-23 01:19:57 UTC</createdTime>
<ownerDesignName>agronegocio_model</ownerDesignName>
<importedID>971B65B4-E169-907B-2351-7D9A8EE39FCC</importedID>
<referredTableLongName>PLANTACAO</referredTableLongName>
<deleteRule>NO ACTION</deleteRule>
<referredTableID>EE41B424-CB8C-7729-3CD4-C9290DF72526</referredTableID>
<keyObject>7BE65E0D-4FDC-A017-ACB2-E935B2F8B19B</keyObject>
<referredKeyID>7BE65E0D-4FDC-A017-ACB2-E935B2F8B19B</referredKeyID>
<mandatory>true</mandatory>
<refColNames>ID_PLANTACAO</refColNames>
<transferable>true</transferable>
<rely>false</rely>
<columnDependencyConstraintGenerateInDDL>true</columnDependencyConstraintGenerateInDDL>
</FKIndexAssociation>